customer_id,name,age,gender,city,country,signup_date,account_age_months,plan,subscription_status,subscription_start_date,subscription_end_date,monthly_bill,payment_method,auto_renew,login_frequency,monthly_active_days,sessions_per_month,avg_session_minutes,monthly_usage_hours,total_listening_hours,songs_played_monthly,songs_completed_monthly,songs_skipped_monthly,favorite_genre,favorite_artist,playlists_created,playlists_followed,liked_songs_count,albums_saved,artists_followed,searches_per_month,artists_viewed,albums_viewed,playlist_views,recommendation_clicks,discovery_sessions,songs_added_to_playlists,collaborative_playlists,public_playlists,playlist_shares,users_followed,followers_count,songs_shared,playlists_shared,social_interactions,podcast_episodes_played,podcast_listening_hours,podcasts_followed,audiobooks_started,audiobook_listening_hours,engagement_score,satisfaction_score,activity_score,loyalty_score,usage_change_pct,listening_change_pct,login_change_pct,complaint_count,open_complaints,avg_resolution_days,last_complaint_days_ago,support_tickets,payment_delay_days,payment_failures,late_payments,refund_requests,payment_issue_count,plan_changes,upgrades,downgrades,last_plan_change_days_ago,app_rating,favorite_feature,most_used_device,primary_device,device_count,mobile_usage_pct,desktop_usage_pct,tablet_usage_pct,last_login_days_ago,login_failures,account_warnings,user_segment,churn_risk,churn
C1001,Arun Joshi,33,Male,Pune,India,2026-01-25,8,Premium,Active,2026-05-25,2026-06-24,119,UPI,Yes,25,28,49,58,47.4,284.4,419,392,27,Lo-Fi Chill,Aetheria,14,13,429,34,25,89,45,27,25,60,17,182,3,9,7,20,28,12,7,39,0,0,0,0,0,84,4.5,91,59,38,31,34,1,0,2,68,1,0,0,0,0,0,1,2,0,23,5,Audiobooks,Mobile,Mobile,1,70,20,10,2,0,0,Power User,Low,0
C1002,Rishi Deshmukh,37,Male,Mumbai,India,2024-12-01,22,Family,Active,2025-12-03,2026-01-02,179,UPI,Yes,25,27,81,52,70.2,1158.3,901,851,50,Pop Melodic,Solaris Project,17,4,400,32,39,50,22,14,106,23,28,170,4,11,8,39,50,4,8,51,0,0,0,0,0,95,4.8,96,81,13,14,12,0,0,0,0,0,0,0,0,0,0,2,2,0,106,5,Social,Tablet,Tablet,2,30,10,60,0,2,0,Power User,Low,0
C1003,Lavanya Menon,35,Female,Kochi,India,2026-05-25,4,Family,Active,2026-09-13,2026-10-13,179,Net Banking,Yes,27,28,45,72,54,162,845,797,48,Ambient Space,RetroWave Orchestra,15,13,325,26,40,100,55,49,45,41,16,135,3,10,7,60,42,8,7,75,0,0,0,0,0,94,5,89,58,6,5,5,0,0,0,0,0,0,0,0,0,0,2,1,0,18,5,Music Streaming,Desktop,Desktop,4,25,65,10,0,0,0,Power User,Low,0
C1004,Farhan Naik,50,Male,Mumbai,India,2025-09-27,12,Family,Active,2026-02-07,2026-03-09,179,Net Banking,Yes,28,30,76,48,60.8,547.2,563,525,38,Acoustic Folk,The Midnight Walkers,16,2,245,20,23,42,18,12,43,21,27,144,4,11,8,20,28,4,8,32,0,0,0,0,0,98,4.8,96,69,26,25,23,0,0,0,0,0,0,0,0,0,0,1,2,0,33,5,Recommendations,Tablet,Tablet,3,30,10,60,0,0,0,Power User,Low,0
C1005,Deepika Rao,45,Female,Chennai,India,2024-03-06,31,Premium,Active,2026-02-20,2026-03-22,119,UPI,Yes,25,28,90,71,106.5,2476.1,700,672,28,Lo-Fi Chill,Kavita Sundaram,8,2,171,14,16,77,45,22,114,32,31,104,2,5,4,14,26,6,4,24,0,0,0,0,0,92,5,97,91,42,49,34,0,0,0,0,0,0,0,0,0,0,1,2,0,145,5,Music Streaming,Mobile,Mobile,2,70,20,10,2,0,0,Power User,Low,0
C1006,Manish Verma,39,Male,Kochi,India,2025-09-27,12,Premium,Active,2025-12-01,2025-12-31,119,Net Banking,Yes,30,28,63,45,47.3,425.7,639,607,32,Lo-Fi Chill,CyberPulse,16,5,218,17,33,49,29,10,37,39,22,208,4,11,8,36,25,7,8,51,0,0,0,0,0,93,4.9,97,68,20,21,15,0,0,0,0,0,0,0,0,0,0,1,1,0,54,5,Music Streaming,Tablet,Tablet,4,30,10,60,2,1,0,Power User,Low,0
C1007,Lavanya Pillai,26,Female,Hyderabad,India,2024-10-02,24,Premium,Active,2025-12-30,2026-01-29,119,UPI,Yes,30,28,68,71,80.5,1449,843,807,36,Cyberpunk Bass,Neon Mirage,11,9,325,26,37,103,44,33,43,76,24,176,2,7,5,25,20,15,5,45,0,0,0,0,0,99,4.4,97,85,5,5,5,1,0,3.4,78,1,0,0,0,0,0,2,1,0,176,4,Playlists,Desktop,Desktop,3,25,65,10,2,1,0,Power User,Low,0
C1008,Harish Menon,34,Male,Ahmedabad,India,2026-04-25,5,Premium,Active,2026-07-11,2026-08-10,119,Net Banking,Yes,27,25,56,55,51.3,192.4,676,639,37,Synthwave,Aetheria,4,7,433,35,23,95,43,32,72,39,20,44,1,2,2,11,13,7,2,20,0,0,0,0,0,87,4.9,91,57,17,17,15,0,0,0,0,0,0,0,0,0,0,0,2,0,0,5,Search,Desktop,Desktop,3,25,65,10,0,0,0,Power User,Low,0
C1009,Kriti Mehta,30,Female,Delhi NCR,India,2026-08-23,1,Premium,Active,2025-12-28,2026-01-27,119,UPI,Yes,28,27,62,47,48.6,48.6,851,816,35,Acoustic Folk,CyberPulse,18,13,315,25,35,57,32,11,46,23,22,144,4,12,9,35,66,4,9,48,0,0,0,0,0,91,4.8,96,53,15,16,15,0,0,0,0,0,0,0,0,0,0,2,1,0,62,5,Social,Mobile,Mobile,2,70,20,10,0,3,0,Power User,Low,0
C1010,Rishi Singhania,27,Male,Lucknow,India,2026-01-25,8,Premium,Active,2026-07-13,2026-08-12,119,Debit Card,Yes,29,26,94,63,98.7,592.2,947,917,30,Chillstep,Lunar Echoes,14,3,377,30,19,84,26,18,83,63,33,182,3,9,7,22,39,12,7,41,0,0,0,0,0,99,4.7,95,65,16,15,17,0,0,0,0,0,0,0,0,0,0,2,1,0,45,5,Music Streaming,Mobile,Mobile,3,70,20,10,0,0,0,Power User,Low,0
C1011,Karthik Chopra,41,Male,Kochi,India,2025-03-01,19,Premium,Active,2026-02-19,2026-03-21,119,Debit Card,Yes,27,25,60,48,48,684,855,815,40,Deep House,Kavita Sundaram,10,12,187,15,36,102,34,37,54,55,21,100,2,7,5,21,37,11,5,37,0,0,0,0,0,90,4.5,93,75,8,7,8,1,0,1.4,64,2,0,0,0,0,0,1,1,0,165,5,Search,Web,Web,1,40,50,10,2,0,0,Power User,Low,0
C1012,Taylor Patel,18,Non-Binary,Chennai,India,2026-01-25,8,Premium,Active,2026-04-21,2026-05-21,119,Net Banking,Yes,30,24,88,68,99.7,598.2,514,465,49,Pop Melodic,CyberPulse,4,5,270,22,27,62,19,22,82,47,31,72,1,2,2,24,33,9,2,35,0,0,0,0,0,99,5,92,65,28,29,29,0,0,0,0,0,0,0,0,0,0,2,2,0,103,5,Podcasts,Desktop,Desktop,4,25,65,10,1,1,0,Power User,Low,0
C1013,Vikram Bhatia,23,Male,Bengaluru,India,2024-12-01,22,Premium,Active,2026-05-07,2026-06-06,119,Debit Card,Yes,25,25,56,63,58.8,970.2,578,537,41,Cyberpunk Bass,Prism Horizon,14,11,379,30,45,70,37,29,49,51,20,308,3,9,7,58,40,10,7,75,0,0,0,0,0,94,4.9,91,80,20,20,16,0,0,0,0,0,0,0,0,0,0,2,1,0,32,5,Recommendations,Web,Web,1,40,50,10,0,0,0,Power User,Low,0
C1014,Deepika Sharma,39,Female,Kochi,India,2024-05-05,29,Premium,Active,2026-01-27,2026-02-26,119,Credit Card,Yes,29,24,87,42,60.9,1324.6,478,422,56,Indie Rock,RetroWave Orchestra,5,12,344,28,21,65,20,25,61,36,30,60,1,3,2,12,18,7,2,21,0,0,0,0,0,94,4.7,92,89,43,34,34,1,0,4.7,16,1,0,0,0,0,0,0,2,0,0,5,Search,Web,Web,1,40,50,10,2,0,0,Power User,Low,0
C1015,Aditya Venkatesh,44,Male,Chandigarh,India,2023-10-08,36,Premium,Active,2025-12-19,2026-01-18,119,Net Banking,Yes,30,30,49,60,49,1323,361,311,50,Synthwave,The Midnight Walkers,18,3,228,18,44,96,34,37,45,62,17,324,4,12,9,39,70,12,9,60,0,0,0,0,0,88,5,94,96,36,36,38,0,0,0,0,0,0,0,0,0,0,1,1,0,141,5,Search,Desktop,Desktop,2,25,65,10,2,0,0,Power User,Low,0
C1016,Anjali Kulkarni,43,Female,Lucknow,India,2024-09-02,25,Premium,Active,2025-12-03,2026-01-02,119,Credit Card,Yes,28,30,90,68,102,1912.5,894,849,45,Pop Melodic,Lunar Echoes,17,2,386,31,27,46,26,12,124,24,31,357,4,11,8,13,23,4,8,25,0,0,0,0,0,96,4.8,98,85,18,21,19,0,0,0,0,0,0,0,0,0,0,2,1,0,130,5,Music Streaming,Tablet,Tablet,4,30,10,60,1,0,0,Premium Loyal User,Low,0
C1017,Tariq Sharma,41,Male,Goa,India,2026-06-24,3,Premium,Active,2026-09-01,2026-10-01,119,Debit Card,Yes,26,29,70,59,68.8,154.8,722,673,49,Indie Rock,Lunar Echoes,14,14,375,30,40,50,30,17,39,33,25,112,3,9,7,28,53,6,7,41,0,0,0,0,0,96,4.7,98,57,29,23,25,0,0,0,0,0,0,0,0,0,0,0,1,0,0,5,Playlists,Desktop,Desktop,1,25,65,10,1,0,0,Premium Loyal User,Low,0
C1018,Kriti Kumar,41,Female,Chennai,India,2026-05-25,4,Premium,Active,2026-02-02,2026-03-04,119,Credit Card,Yes,29,26,57,66,62.7,188.1,863,815,48,Deep House,Kavita Sundaram,17,10,203,16,41,46,15,12,44,29,20,153,4,11,8,24,38,5,8,37,0,0,0,0,0,99,4.9,91,60,44,40,47,0,0,0,0,0,0,0,0,0,0,0,2,0,0,5,Playlists,Mobile,Mobile,2,70,20,10,2,1,0,Premium Loyal User,Low,0
C1019,Anjali Bose,49,Female,Kochi,India,2025-06-29,15,Premium,Active,2026-07-28,2026-08-27,119,Credit Card,Yes,28,25,50,53,44.2,497.3,411,388,23,Ambient Space,Solaris Project,14,2,227,18,17,75,38,35,31,48,18,252,3,9,7,8,10,9,7,24,0,0,0,0,0,82,5,88,67,39,37,41,0,0,0,0,1,0,0,0,0,0,0,1,0,0,5,Podcasts,Mobile,Mobile,1,70,20,10,0,0,0,Premium Loyal User,Low,0
C1020,Nandini Kapoor,39,Female,Lucknow,India,2026-04-25,5,Premium,Active,2026-06-15,2026-07-15,119,UPI,Yes,25,24,63,62,65.1,244.1,831,772,59,Deep House,CyberPulse,4,1,441,35,40,54,31,14,33,22,22,80,1,2,2,20,14,4,2,26,0,0,0,0,0,93,5,92,59,28,29,30,0,0,0,0,0,0,0,0,0,0,2,2,0,109,5,Podcasts,Mobile,Mobile,1,70,20,10,0,0,0,Premium Loyal User,Low,0
C1021,Rhea Chatterjee,26,Female,Chennai,India,2025-10-27,11,Family,Active,2026-04-18,2026-05-18,179,UPI,Yes,28,27,79,51,67.2,554.4,516,457,59,Cyberpunk Bass,Aetheria,17,12,452,36,37,70,25,14,78,43,28,170,4,11,8,51,71,8,8,67,0,0,0,0,0,98,4.9,96,68,18,20,16,0,0,0,0,0,0,0,0,0,0,2,1,0,168,5,Podcasts,Tablet,Tablet,3,30,10,60,0,0,0,Premium Loyal User,Low,0
C1022,Dev Singhania,29,Male,Pune,India,2023-10-08,36,Family,Active,2026-06-05,2026-07-05,179,UPI,Yes,29,29,80,64,85.3,2303.1,525,472,53,Indie Rock,Aetheria,17,13,125,10,27,91,41,25,94,63,28,340,4,11,8,35,38,12,8,55,0,0,0,0,0,99,5,98,99,42,45,32,0,0,0,0,0,0,0,0,0,0,0,1,0,0,5,Podcasts,Mobile,Mobile,3,70,20,10,0,0,0,Premium Loyal User,Low,0
C1023,Ayesha Nair,27,Female,Indore,India,2025-07-29,14,Premium,Active,2025-12-10,2026-01-09,119,UPI,Yes,27,26,53,48,42.4,445.2,517,482,35,Acoustic Folk,Aetheria,9,5,134,11,38,103,56,26,54,56,19,72,2,6,4,30,39,11,4,45,0,0,0,0,0,87,4.8,91,68,38,40,33,0,0,0,0,1,0,0,0,0,0,2,2,0,101,5,Podcasts,Web,Web,2,40,50,10,1,0,0,Premium Loyal User,Low,1
C1024,Zayn Kapoor,42,Male,Jaipur,India,2026-07-24,2,Premium,Active,2026-06-18,2026-07-18,119,Credit Card,Yes,26,28,73,43,52.3,78.4,903,881,22,Electronic,RetroWave Orchestra,5,13,153,12,35,75,38,17,47,61,26,45,1,3,2,21,33,12,2,35,0,0,0,0,0,92,4.8,97,55,11,10,9,0,0,0,0,1,0,0,0,0,0,2,1,0,53,5,Playlists,Web,Web,2,40,50,10,2,0,0,Premium Loyal User,Low,0
C1025,Sam Naik,44,Non-Binary,Chennai,India,2023-12-07,34,Premium,Active,2025-12-28,2026-01-27,119,Debit Card,Yes,30,27,75,52,65,1657.5,397,367,30,Chillstep,Neon Mirage,6,1,308,25,41,74,22,35,83,47,26,84,1,4,3,49,73,9,3,61,0,0,0,0,0,96,4.9,96,96,40,48,42,0,0,0,0,1,0,0,0,0,0,0,1,0,0,5,Audiobooks,Desktop,Desktop,3,25,65,10,2,1,0,Premium Loyal User,Low,0
C1026,Sanya Bhatia,30,Female,Chennai,India,2026-08-23,1,Premium,Active,2026-06-26,2026-07-26,119,UPI,Yes,27,30,64,72,76.8,76.8,804,757,47,Ambient Space,Aetheria,17,2,463,37,26,86,38,39,49,67,22,238,4,11,8,36,43,13,8,57,0,0,0,0,0,97,4.9,98,55,18,15,17,0,0,0,0,0,0,0,0,0,0,1,2,0,68,5,Search,Web,Web,1,40,50,10,1,0,0,Premium Loyal User,Low,0
C1027,Pooja Sharma,20,Female,Kochi,India,2023-11-07,35,Family,Active,2026-05-22,2026-06-21,179,Credit Card,Yes,25,28,48,44,35.2,924,725,703,22,Cyberpunk Bass,The Midnight Walkers,4,4,177,14,43,104,51,24,51,64,17,88,1,2,2,43,81,12,2,57,0,0,0,0,0,81,4.7,90,92,30,30,31,0,0,0,0,0,0,0,0,0,0,1,1,0,112,5,Search,Web,Web,1,40,50,10,0,0,0,Premium Loyal User,Low,0
C1028,Anand Patel,50,Male,Hyderabad,India,2023-11-07,35,Premium,Active,2026-06-23,2026-07-23,119,Credit Card,Yes,27,28,76,51,64.6,1695.7,550,490,60,Pop Melodic,CyberPulse,9,11,164,13,41,101,46,46,62,56,27,72,2,6,4,49,73,11,4,64,0,0,0,0,0,97,4.5,97,98,28,24,30,1,0,2.8,40,1,0,0,0,0,0,0,1,0,0,5,Podcasts,Tablet,Tablet,2,30,10,60,2,0,0,Premium Loyal User,Low,0
C1029,Dia Naik,42,Female,Indore,India,2025-05-30,16,Premium,Active,2026-06-03,2026-07-03,119,UPI,Yes,30,29,66,45,49.5,594,449,427,22,Chillstep,Prism Horizon,5,13,198,16,16,109,58,47,48,76,23,110,1,3,2,19,15,15,2,36,0,0,0,0,0,92,5,98,72,11,10,10,0,0,0,0,0,0,0,0,0,0,0,2,0,0,5,Social,Tablet,Tablet,3,30,10,60,2,0,0,Premium Loyal User,Low,0
C1030,Aarav Singhania,31,Male,Ahmedabad,India,2025-06-29,15,Family,Active,2026-06-07,2026-07-07,179,Net Banking,Yes,27,29,49,55,44.9,505.1,504,454,50,Pop Melodic,Lunar Echoes,18,10,201,16,26,55,19,14,34,26,17,342,4,12,9,31,49,5,9,45,0,0,0,0,0,88,4.7,92,70,23,19,19,0,0,0,0,1,0,0,0,0,0,1,1,0,59,5,Social,Mobile,Mobile,2,70,20,10,0,2,0,Premium Loyal User,Low,0
C1031,Bhavna Patel,30,Female,Lucknow,India,2025-04-30,17,Student,Active,2026-04-18,2026-05-18,59,UPI,Yes,21,16,13,27,5.8,74,154,109,45,Chillstep,Aetheria,3,5,69,6,14,8,3,2,11,6,5,63,0,2,1,9,12,1,1,11,0,0,0,0,0,36,3.9,33,54,-8,-7,-7,1,0,1.3,59,2,0,0,0,0,0,0,0,0,0,4,Social,Tablet,Tablet,1,30,10,60,4,0,0,Regular User,Low,0
C1032,Alex Pillai,50,Non-Binary,Delhi NCR,India,2025-05-30,16,Free,Active,2026-03-14,2026-04-13,0,None,No,12,12,27,37,16.6,199.2,239,198,41,Electronic,Neon Mirage,5,4,63,5,14,23,11,8,22,15,9,55,1,3,2,5,7,3,2,10,0,0,0,0,0,36,3.9,43,38,-13,-15,-10,1,0,5,83,1,0,0,0,0,0,2,0,0,117,4,Playlists,Web,Web,3,40,50,10,5,0,0,Regular User,Low,0
C1033,Pranav Sengupta,43,Male,Delhi NCR,India,2024-02-05,32,Free,Active,2026-01-30,2026-03-01,0,None,No,12,12,27,37,16.6,398.4,216,184,32,Lo-Fi Chill,RetroWave Orchestra,4,8,77,6,7,16,8,7,33,10,9,64,1,2,2,5,4,2,2,9,0,0,0,0,0,35,4.3,40,57,14,13,13,0,0,0,0,0,0,0,0,0,0,0,0,0,0,4,Music Streaming,Tablet,Tablet,3,30,10,60,7,0,0,Regular User,Low,0
C1034,Deepika Iyer,23,Female,Goa,India,2024-01-06,33,Premium,Active,2026-07-25,2026-08-24,119,Debit Card,Yes,17,17,31,26,13.4,331.7,249,225,24,Acoustic Folk,CyberPulse,3,12,78,6,8,29,10,11,27,18,11,24,0,2,1,10,15,3,1,14,0,0,0,0,0,42,4,55,76,-4,-4,-4,1,0,2.3,35,1,0,0,0,0,0,2,0,0,99,4,Podcasts,Desktop,Desktop,1,25,65,10,8,1,0,Regular User,Low,0
C1035,Aarav Mehta,50,Male,Chandigarh,India,2025-11-26,10,Student,Active,2026-01-02,2026-02-01,59,UPI,Yes,13,13,15,38,9.5,71.3,88,46,42,Ambient Space,RetroWave Orchestra,1,6,63,5,17,9,5,2,16,7,5,9,0,0,0,13,9,1,0,14,0,0,0,0,0,29,4.2,31,43,20,23,20,1,0,1.8,81,1,0,0,0,0,0,1,0,0,78,4,Podcasts,Tablet,Tablet,3,30,10,60,5,2,0,Regular User,Low,0
C1036,Pooja Rao,40,Female,Chandigarh,India,2024-03-06,31,Premium,Active,2026-07-08,2026-08-07,119,UPI,Yes,16,16,30,34,17,395.3,100,74,26,Indie Rock,Solaris Project,3,12,99,8,11,11,7,3,23,9,11,33,0,2,1,7,7,1,1,9,0,0,0,0,0,34,4.2,44,71,-14,-14,-14,0,0,0,0,0,0,0,0,0,0,0,0,0,0,4,Search,Desktop,Desktop,3,25,65,10,6,0,0,Regular User,Low,0
C1037,Zara Iyer,25,Female,Hyderabad,India,2026-06-24,3,Student,Active,2026-08-25,2026-09-24,59,UPI,Yes,22,15,16,36,9.6,21.6,116,92,24,Indie Rock,Lunar Echoes,1,9,43,3,18,18,6,4,19,15,6,16,0,0,0,21,16,3,0,24,0,0,0,0,0,44,4.4,38,39,0,0,0,0,0,0,0,0,0,0,0,0,0,1,0,0,76,4,Music Streaming,Mobile,Mobile,4,70,20,10,0,0,0,Regular User,Low,0
C1038,Yash Verma,20,Male,Delhi NCR,India,2023-10-08,36,Premium,Active,2026-02-16,2026-03-18,119,Debit Card,Yes,22,20,24,25,10,270,129,95,34,Cyberpunk Bass,Lunar Echoes,1,1,91,7,6,29,10,7,19,12,8,16,0,0,0,6,10,2,0,8,0,0,0,0,0,37,4.2,55,78,7,8,8,0,0,0,0,0,0,0,0,0,0,1,0,0,18,4,Search,Desktop,Desktop,1,25,65,10,2,0,0,Regular User,Low,0
C1039,Sneha Patel,31,Female,Kolkata,India,2024-12-01,22,Student,Active,2026-02-14,2026-03-16,59,UPI,Yes,14,14,34,22,12.5,206.3,197,171,26,Ambient Space,Aetheria,5,12,37,3,10,15,5,6,34,7,12,90,1,3,2,13,16,1,2,16,0,0,0,0,0,37,4.2,46,60,10,8,7,0,0,0,0,0,0,0,0,0,0,1,0,0,58,4,Playlists,Web,Web,2,40,50,10,4,0,0,Regular User,Low,0
C1040,Dev Menon,24,Male,Kochi,India,2025-07-29,14,Premium,Active,2026-02-16,2026-03-18,119,Credit Card,Yes,14,14,14,28,6.5,68.3,252,231,21,Deep House,CyberPulse,2,13,105,8,14,17,7,5,13,9,5,16,0,1,1,12,15,1,1,14,0,0,0,0,0,35,4,35,50,23,26,22,1,0,2.1,50,1,0,0,0,0,0,1,0,0,108,4,Audiobooks,Mobile,Mobile,3,70,20,10,3,0,0,Regular User,Low,0
C1041,Zayn Bose,21,Male,Pune,India,2024-04-05,30,Student,Active,2026-03-17,2026-04-16,59,UPI,Yes,15,15,33,31,17.1,384.8,97,75,22,Pop Melodic,Kavita Sundaram,2,6,71,6,13,21,13,5,38,12,12,24,0,1,1,6,11,2,1,9,0,0,0,0,0,33,4.4,50,69,-6,-7,-5,0,0,0,0,0,0,0,0,0,0,0,0,0,0,4,Search,Mobile,Mobile,3,70,20,10,0,2,0,Regular User,Low,0
C1042,Arun Chatterjee,21,Male,Bengaluru,India,2025-08-28,13,Free,Active,2026-07-24,2026-08-23,0,None,No,14,8,16,38,10.1,98.5,200,171,29,Cyberpunk Bass,Lunar Echoes,2,6,66,5,7,35,20,11,21,15,6,34,0,1,1,8,7,3,1,12,0,0,0,0,0,34,4.3,38,33,6,7,5,0,0,0,0,1,0,0,0,0,0,2,0,0,111,4,Music Streaming,Web,Web,2,40,50,10,0,0,0,Regular User,Low,0
C1043,Karthik Deshmukh,25,Male,Pune,India,2026-06-24,3,Student,Active,2026-08-15,2026-09-14,59,UPI,Yes,18,18,13,44,9.5,21.4,169,132,37,Electronic,The Midnight Walkers,5,2,36,3,10,29,12,7,15,14,5,45,1,3,2,13,26,2,2,17,0,0,0,0,0,39,4.6,46,37,9,10,9,0,0,0,0,0,0,0,0,0,0,1,0,0,149,5,Recommendations,Desktop,Desktop,2,25,65,10,2,0,0,Regular User,Low,0
C1044,Bhavna Sengupta,31,Female,Indore,India,2025-05-30,16,Premium,Active,2026-08-16,2026-09-15,119,UPI,Yes,13,12,35,37,21.6,259.2,229,201,28,Electronic,CyberPulse,4,12,74,6,13,19,10,7,32,10,12,76,1,2,2,9,15,2,2,13,0,0,0,0,0,41,4.5,46,54,9,11,9,0,0,0,0,0,0,0,0,0,0,1,0,0,68,5,Music Streaming,Desktop,Desktop,2,25,65,10,1,1,0,Regular User,Low,0
C1045,Sneha Verma,48,Female,Chandigarh,India,2026-07-24,2,Premium,Active,2026-04-04,2026-05-04,119,Credit Card,Yes,18,14,21,26,9.1,13.6,167,148,19,Electronic,Neon Mirage,3,2,39,3,9,13,8,5,23,10,7,30,0,2,1,11,18,2,1,14,0,0,0,0,0,37,4.6,37,35,10,11,10,0,0,0,0,0,0,0,0,0,0,1,0,0,35,5,Social,Mobile,Mobile,2,70,20,10,7,0,0,Regular User,Low,0
C1046,Kabir Naik,28,Male,Jaipur,India,2024-11-01,23,Free,Active,2025-12-18,2026-01-17,0,None,No,14,14,17,32,9.1,157,205,186,19,Pop Melodic,Prism Horizon,3,6,88,7,6,31,14,14,20,14,6,60,0,2,1,3,3,2,1,6,0,0,0,0,0,31,4.2,44,45,-15,-17,-15,0,0,0,0,0,0,0,0,0,0,2,0,0,112,4,Playlists,Mobile,Mobile,2,70,20,10,1,0,0,Regular User,Low,0
C1047,Harish Deshmukh,36,Male,Hyderabad,India,2024-07-04,27,Premium,Active,2026-02-17,2026-03-19,119,Credit Card,Yes,17,15,19,23,7.3,147.8,194,154,40,Synthwave,Neon Mirage,4,8,35,3,12,13,6,5,14,8,7,64,1,2,2,8,13,1,2,11,0,0,0,0,0,35,4.2,38,66,14,15,10,1,0,5.3,73,2,0,0,0,0,0,2,0,0,147,4,Search,Web,Web,3,40,50,10,2,0,0,Regular User,Low,0
C1048,Vikram Iyer,49,Male,Pune,India,2025-09-27,12,Premium,Active,2026-06-21,2026-07-21,119,Debit Card,Yes,22,12,16,34,9.1,81.9,249,229,20,Lo-Fi Chill,Aetheria,2,7,81,6,12,14,8,5,20,10,6,34,0,1,1,16,17,2,1,19,0,0,0,0,0,47,4.3,32,51,22,18,18,0,0,0,0,1,0,0,0,0,0,2,0,0,130,4,Podcasts,Desktop,Desktop,1,25,65,10,9,2,0,Regular User,Low,0
C1049,Dev Joshi,32,Male,Bengaluru,India,2024-06-04,28,Free,Active,2026-09-11,2026-10-11,0,None,No,22,20,14,34,7.9,165.9,127,110,17,Cyberpunk Bass,RetroWave Orchestra,2,7,52,4,11,25,10,10,15,14,5,30,0,1,1,13,18,2,1,16,0,0,0,0,0,40,4.3,47,54,8,7,7,0,0,0,0,0,0,0,0,0,0,2,0,0,134,4,Audiobooks,Web,Web,4,40,50,10,5,0,0,Free User,Low,0
C1050,Arun Kapoor,23,Male,Chandigarh,India,2025-06-29,15,Free,Active,2026-08-13,2026-09-12,0,None,No,14,12,19,26,8.2,92.2,220,183,37,Chillstep,CyberPulse,2,11,92,7,5,29,11,10,26,23,7,30,0,1,1,3,3,4,1,8,0,0,0,0,0,32,4.4,42,35,17,18,17,0,0,0,0,0,0,0,0,0,0,2,0,0,86,4,Social,Web,Web,4,40,50,10,6,0,0,Free User,Low,0
C1051,Sneha Chopra,25,Female,Lucknow,India,2025-11-26,10,Free,Active,2026-01-03,2026-02-02,0,None,No,20,17,18,24,7.2,54,188,170,18,Cyberpunk Bass,Prism Horizon,3,2,89,7,16,25,10,12,11,13,6,48,0,2,1,16,19,2,1,19,0,0,0,0,0,41,4.5,46,32,-15,-14,-10,0,0,0,0,0,0,0,0,0,0,2,0,0,79,5,Podcasts,Tablet,Tablet,2,30,10,60,4,1,0,Free User,Low,0
C1052,Zayn Sengupta,44,Male,Jaipur,India,2025-09-27,12,Free,Active,2026-01-16,2026-02-15,0,None,No,21,7,21,21,7.3,65.7,199,166,33,Electronic,Lunar Echoes,4,7,40,3,8,10,5,3,14,5,7,56,1,2,2,3,5,1,2,6,0,0,0,0,0,36,4.2,27,33,9,8,10,1,0,2,39,1,0,0,0,0,0,1,0,0,172,4,Recommendations,Mobile,Mobile,1,70,20,10,3,0,0,Free User,Low,0
C1053,Pranav Malhotra,34,Male,Kolkata,India,2024-07-04,27,Free,Active,2026-02-21,2026-03-23,0,None,No,16,13,22,29,10.6,214.7,114,89,25,Acoustic Folk,The Midnight Walkers,2,1,39,3,17,17,8,4,11,10,8,34,0,1,1,20,18,2,1,23,0,0,0,0,0,38,4.6,39,52,-11,-11,-8,0,0,0,0,0,0,0,0,0,0,0,0,0,0,5,Music Streaming,Desktop,Desktop,1,25,65,10,3,0,0,Free User,Low,0
C1054,Zara Kulkarni,51,Female,Jaipur,India,2024-06-04,28,Free,Active,2026-01-12,2026-02-11,0,None,No,21,12,24,21,8.4,176.4,177,161,16,Ambient Space,CyberPulse,4,12,54,4,13,17,7,8,25,14,8,48,1,2,2,13,15,2,2,17,0,0,0,0,0,41,3.9,39,54,9,10,9,1,0,4,28,2,0,0,0,0,0,1,0,0,107,4,Social,Web,Web,3,40,50,10,4,2,0,Free User,Low,0
C1055,Shreya Mehta,31,Female,Ahmedabad,India,2025-05-30,16,Free,Active,2026-03-28,2026-04-27,0,None,No,15,8,16,37,9.9,118.8,197,158,39,Synthwave,Kavita Sundaram,1,2,93,7,7,8,3,3,20,3,6,16,0,0,0,9,18,0,0,9,0,0,0,0,0,33,4.3,24,37,5,4,4,0,0,0,0,0,0,0,0,0,0,1,0,0,39,4,Audiobooks,Web,Web,3,40,50,10,2,0,0,Free User,Low,0
C1056,Arun Naik,18,Male,Jaipur,India,2024-08-03,26,Free,Active,2026-01-04,2026-02-03,0,None,No,17,6,22,24,8.8,171.6,170,140,30,Deep House,RetroWave Orchestra,4,6,95,8,12,11,7,5,22,8,8,32,1,2,2,12,10,1,2,15,0,0,0,0,0,36,4.5,26,50,-13,-12,-12,0,0,0,0,0,0,0,0,0,0,2,0,0,125,5,Podcasts,Web,Web,4,40,50,10,3,0,0,Free User,Low,0
C1057,Zayn Iyer,20,Male,Goa,India,2026-06-24,3,Free,Active,2026-08-05,2026-09-04,0,None,No,19,16,22,22,8.1,18.2,133,91,42,Chillstep,CyberPulse,4,5,37,3,17,9,3,3,23,5,8,64,1,2,2,18,28,1,2,21,0,0,0,0,0,40,4.3,39,23,25,22,24,0,0,0,0,1,0,0,0,0,0,2,0,0,68,4,Search,Tablet,Tablet,1,30,10,60,0,0,0,Free User,Low,0
C1058,Bhavna Rao,28,Female,Ahmedabad,India,2023-11-07,35,Free,Active,2025-12-12,2026-01-11,0,None,No,12,8,24,33,13.2,346.5,239,201,38,Electronic,Solaris Project,3,7,55,4,7,24,12,10,33,13,8,66,0,2,1,4,6,2,1,7,0,0,0,0,0,33,4.4,37,60,23,22,25,0,0,0,0,1,0,0,0,0,0,0,0,0,0,4,Search,Desktop,Desktop,2,25,65,10,4,0,0,Free User,Low,0
C1059,Nandini Kapoor,39,Female,Bengaluru,India,2024-11-01,23,Free,Active,2026-02-19,2026-03-21,0,None,No,13,13,14,36,8.4,144.9,230,206,24,Synthwave,Neon Mirage,4,9,94,8,14,28,12,9,17,11,5,32,1,2,2,5,4,2,2,9,0,0,0,0,0,32,4.5,40,45,1,1,1,0,0,0,0,1,0,0,0,0,0,1,0,0,57,5,Music Streaming,Tablet,Tablet,1,30,10,60,4,0,0,Free User,Low,0
C1060,Tariq Deshmukh,33,Male,Kolkata,India,2024-10-02,24,Free,Active,2026-01-12,2026-02-11,0,None,No,22,8,33,21,11.6,208.8,145,117,28,Lo-Fi Chill,Lunar Echoes,2,7,48,4,5,30,11,14,25,21,12,32,0,1,1,3,4,4,1,8,0,0,0,0,0,39,4.5,45,49,1,1,1,0,0,0,0,0,0,0,0,0,0,1,0,0,147,5,Playlists,Web,Web,4,40,50,10,3,3,0,Free User,Low,0
C1061,Divya Pillai,49,Female,Kochi,India,2026-02-24,7,Free,Active,2026-03-06,2026-04-05,0,None,No,20,9,14,31,7.2,37.8,209,174,35,Synthwave,The Midnight Walkers,2,2,41,3,11,31,11,10,17,24,5,38,0,1,1,13,23,4,1,18,0,0,0,0,0,42,4.5,36,28,2,2,2,0,0,0,0,0,0,0,0,0,0,0,0,0,0,5,Music Streaming,Mobile,Mobile,4,70,20,10,3,0,0,Free User,Low,0
C1062,Zayn Patel,46,Male,Pune,India,2024-09-02,25,Free,Active,2026-08-19,2026-09-18,0,None,No,21,12,32,26,13.9,260.6,115,92,23,Electronic,Neon Mirage,4,11,110,9,5,19,11,8,19,9,11,64,1,2,2,5,9,1,2,8,0,0,0,0,0,38,4.2,44,50,20,19,17,1,0,5.4,26,1,0,0,0,0,0,1,0,0,153,4,Recommendations,Desktop,Desktop,1,25,65,10,0,2,0,Free User,Low,0
C1063,Divya Menon,18,Female,Indore,India,2024-02-05,32,Free,Active,2025-12-27,2026-01-26,0,None,No,20,8,19,36,11.4,273.6,199,176,23,Deep House,Aetheria,3,2,102,8,10,33,12,12,14,23,7,39,0,2,1,4,5,4,1,9,0,0,0,0,0,39,4.5,38,59,12,14,11,0,0,0,0,0,0,0,0,0,0,2,0,0,124,5,Social,Web,Web,2,40,50,10,0,2,0,Free User,Low,0
C1064,Pranav Patel,24,Male,Kochi,India,2024-05-05,29,Free,Active,2026-08-08,2026-09-07,0,None,No,16,16,30,20,10,217.5,197,162,35,Ambient Space,Velvet Dusk,1,14,73,6,7,30,17,10,32,23,11,19,0,0,0,9,9,4,0,13,0,0,0,0,0,36,4.4,54,54,16,15,15,0,0,0,0,0,0,0,0,0,0,1,0,0,167,4,Playlists,Web,Web,4,40,50,10,2,0,0,Free User,Low,0
C1065,Farhan Singhania,29,Male,Chandigarh,India,2024-10-02,24,Free,Active,2026-09-09,2026-10-09,0,None,No,15,12,35,22,12.8,230.4,139,117,22,Deep House,Aetheria,2,12,53,4,10,29,15,6,40,17,12,24,0,1,1,11,11,3,1,15,0,0,0,0,0,36,4.3,51,48,8,7,7,0,0,0,0,0,0,0,0,0,0,1,0,0,107,4,Playlists,Web,Web,1,40,50,10,2,0,0,Free User,Low,0
C1066,Neha Chatterjee,18,Female,Lucknow,India,2025-03-31,18,Premium,Active,2026-07-16,2026-08-15,119,Credit Card,Yes,23,19,39,40,43.6,588.6,115,99,16,Acoustic Folk,Kavita Sundaram,2,12,31,2,6,36,12,17,20,18,14,44,0,1,1,7,10,3,1,11,37,17.6,3,0,0,59,4.5,66,63,11,12,8,0,0,0,0,1,0,0,0,0,0,2,0,0,31,5,Social,Mobile,Mobile,3,70,20,10,0,0,0,Podcast Listener,Low,0
C1067,Neil Kapoor,24,Male,Bengaluru,India,2025-09-27,12,Premium,Active,2026-06-08,2026-07-08,119,Credit Card,Yes,16,23,28,57,51,459,83,69,14,Lo-Fi Chill,Solaris Project,1,10,42,3,7,19,8,6,29,15,10,22,0,0,0,3,1,3,0,6,20,24.4,8,0,0,52,4.3,57,53,8,9,6,0,0,0,0,0,0,0,0,0,0,2,0,0,88,4,Audiobooks,Mobile,Mobile,4,70,20,10,1,0,0,Podcast Listener,Low,0
C1068,Simran Reddy,18,Female,Hyderabad,India,2025-08-28,13,Free,Active,2026-02-20,2026-03-22,0,None,No,18,22,37,44,59.2,577.2,91,84,7,Pop Melodic,Lunar Echoes,2,14,60,5,10,31,15,8,41,23,13,18,0,1,1,8,10,4,1,13,32,32.1,3,0,0,63,4.5,66,43,13,12,11,0,0,0,0,1,0,0,0,0,0,1,0,0,30,5,Recommendations,Desktop,Desktop,1,25,65,10,2,1,0,Podcast Listener,Low,0
C1069,Ayesha Sharma,39,Female,Delhi NCR,India,2024-09-02,25,Student,Active,2026-01-22,2026-02-21,59,UPI,Yes,18,15,36,42,47.3,886.9,105,93,12,Chillstep,Lunar Echoes,1,11,62,5,12,26,14,9,32,15,13,8,0,0,0,9,5,3,0,12,39,22.1,8,0,0,56,4.4,54,71,12,10,9,0,0,0,0,0,0,0,0,0,0,2,0,0,47,4,Playlists,Tablet,Tablet,2,30,10,60,1,0,0,Podcast Listener,Low,0
C1070,Vikram Singhania,36,Male,Mumbai,India,2026-01-25,8,Premium,Active,2026-02-15,2026-03-17,119,UPI,Yes,23,15,27,35,46.9,281.4,132,118,14,Cyberpunk Bass,RetroWave Orchestra,4,9,62,5,11,24,11,6,36,18,9,56,1,2,2,12,19,3,2,17,36,31.1,3,0,0,64,4.3,48,52,24,26,18,0,0,0,0,0,0,0,0,0,0,0,0,0,0,4,Podcasts,Mobile,Mobile,4,70,20,10,3,1,0,Podcast Listener,Low,0
C1071,Zara Kapoor,45,Female,Delhi NCR,India,2025-11-26,10,Premium,Active,2026-02-13,2026-03-15,119,Debit Card,Yes,20,20,52,59,66.5,498.8,54,34,20,Lo-Fi Chill,Kavita Sundaram,1,3,38,3,9,35,19,13,32,16,18,15,0,0,0,7,11,3,0,10,18,15.4,4,0,0,62,4.5,75,54,-3,-3,-3,0,0,0,0,0,0,0,0,0,0,2,0,0,14,5,Playlists,Mobile,Mobile,2,70,20,10,4,1,0,Podcast Listener,Low,0
C1072,Farhan Sharma,30,Male,Indore,India,2026-02-24,7,Premium,Active,2025-12-23,2026-01-22,119,UPI,Yes,23,24,47,55,78.9,414.2,54,48,6,Indie Rock,Kavita Sundaram,3,10,24,2,10,22,8,6,45,18,16,39,0,2,1,8,13,3,1,12,46,35.8,5,0,0,66,4.3,70,52,19,17,14,0,0,0,0,0,0,0,0,0,0,0,0,0,0,4,Search,Tablet,Tablet,2,30,10,60,0,0,0,Podcast Listener,Low,0
C1073,Yash Singhania,36,Male,Bengaluru,India,2023-10-08,36,Free,Active,2026-04-08,2026-05-08,0,None,No,26,22,48,42,46.2,1247.4,92,77,15,Synthwave,Solaris Project,3,8,54,4,10,15,8,7,33,9,17,36,0,2,1,6,4,1,1,8,20,12.6,6,0,0,61,4.2,65,71,22,20,20,0,0,0,0,0,0,0,0,0,0,0,0,0,0,4,Recommendations,Tablet,Tablet,4,30,10,60,4,0,0,Podcast Listener,Low,0
C1074,Pooja Singhania,23,Female,Chandigarh,India,2026-07-24,2,Premium,Active,2026-09-13,2026-10-13,119,Debit Card,Yes,15,19,43,66,78.7,118.1,36,26,10,Synthwave,Solaris Project,1,3,38,3,4,29,14,10,44,14,15,22,0,0,0,3,3,2,0,5,0,0,0,4,31.4,54,4.5,65,41,-10,-12,-7,0,0,0,0,0,0,0,0,0,0,0,0,0,0,5,Podcasts,Mobile,Mobile,2,70,20,10,3,0,0,Audiobook Listener,Low,0
C1075,Tanvi Pillai,36,Female,Mumbai,India,2026-04-25,5,Premium,Active,2026-06-21,2026-07-21,119,Credit Card,Yes,22,14,24,43,33.2,124.5,81,72,9,Lo-Fi Chill,Velvet Dusk,1,12,47,4,8,18,11,6,30,11,8,13,0,0,0,8,8,2,0,10,0,0,0,2,16,50,4.3,42,44,6,5,5,0,0,0,0,0,0,0,0,0,0,2,0,0,49,4,Social,Desktop,Desktop,1,25,65,10,2,0,0,Audiobook Listener,Low,0
C1076,Dev Sharma,43,Male,Delhi NCR,India,2025-01-30,20,Free,Active,2026-03-24,2026-04-23,0,None,No,20,15,25,50,60.9,913.5,69,54,15,Deep House,Lunar Echoes,2,10,46,4,7,11,5,5,18,6,9,18,0,1,1,5,6,1,1,7,0,0,0,4,40.1,61,4.2,40,51,1,1,1,0,0,0,0,0,0,0,0,0,0,1,0,0,138,4,Playlists,Desktop,Desktop,2,25,65,10,5,0,0,Audiobook Listener,Low,0
C1077,Neha Venkatesh,47,Female,Delhi NCR,India,2025-07-29,14,Premium,Active,2026-01-18,2026-02-17,119,UPI,Yes,23,16,24,73,64.2,674.1,80,73,7,Pop Melodic,The Midnight Walkers,0,9,39,3,9,22,12,11,27,16,8,0,0,0,0,6,6,3,0,9,0,0,0,5,35,66,4.3,46,61,5,5,5,0,0,0,0,0,0,0,0,0,0,1,0,0,168,4,Playlists,Tablet,Tablet,4,30,10,60,1,2,0,Audiobook Listener,Low,0
C1078,Siddharth Singhania,40,Male,Bengaluru,India,2026-08-23,1,Free,Active,2026-01-23,2026-02-22,0,None,No,14,19,37,70,71,71,37,26,11,Acoustic Folk,Neon Mirage,1,8,20,2,8,18,6,8,20,14,13,20,0,0,0,4,6,2,0,6,0,0,0,4,27.8,53,4.3,56,25,-4,-4,-4,0,0,0,0,0,0,0,0,0,0,2,0,0,102,4,Audiobooks,Desktop,Desktop,4,25,65,10,3,0,0,Audiobook Listener,Low,0
C1079,Neil Bose,31,Male,Hyderabad,India,2024-03-06,31,Premium,Active,2026-09-11,2026-10-11,119,UPI,Yes,21,18,40,59,61.4,1427.5,77,71,6,Ambient Space,Prism Horizon,0,8,22,2,4,23,9,9,52,15,14,0,0,0,0,3,3,3,0,6,0,0,0,6,22.1,62,4.4,59,80,13,13,14,0,0,0,0,1,0,0,0,0,0,1,0,0,72,4,Recommendations,Web,Web,2,40,50,10,4,0,0,Audiobook Listener,Low,0
C1080,Rohan Venkatesh,47,Male,Hyderabad,India,2024-10-02,24,Premium,Active,2026-02-10,2026-03-12,119,Credit Card,Yes,14,19,38,68,64.3,1157.4,86,75,11,Cyberpunk Bass,RetroWave Orchestra,0,12,35,3,6,16,9,5,33,8,13,0,0,0,0,7,7,1,0,8,0,0,0,3,21.2,56,4.3,56,70,20,22,17,0,0,0,0,0,0,0,0,0,0,1,0,0,86,4,Podcasts,Web,Web,4,40,50,10,4,2,0,Audiobook Listener,Low,0
C1081,Neil Verma,19,Male,Chandigarh,India,2024-03-06,31,Free,Active,2026-01-09,2026-02-08,0,None,No,5,5,21,44,15.4,358.1,208,175,33,Pop Melodic,Lunar Echoes,2,5,60,5,18,34,20,16,18,15,7,40,0,1,1,12,9,3,1,16,0,0,0,0,0,30,4.3,36,54,-6,-5,-6,0,0,0,0,1,0,0,0,0,0,2,0,0,170,4,Music Streaming,Web,Web,3,40,50,10,7,0,0,Casual User,Low,0
C1082,Siddharth Malhotra,22,Male,Goa,India,2023-12-07,34,Free,Active,2026-05-28,2026-06-27,0,None,No,9,9,23,44,16.9,430.9,150,105,45,Synthwave,The Midnight Walkers,3,14,40,3,11,32,10,10,30,19,8,36,0,2,1,7,10,3,1,11,0,0,0,0,0,30,4.5,41,58,-3,-3,-3,0,0,0,0,0,0,0,0,0,0,0,0,0,0,5,Podcasts,Mobile,Mobile,2,70,20,10,3,0,0,Casual User,Low,0
C1083,Sneha Reddy,51,Female,Kolkata,India,2025-01-30,20,Student,Active,2026-03-31,2026-04-30,59,UPI,Yes,7,6,29,31,15,225,169,124,45,Indie Rock,Kavita Sundaram,3,3,110,9,9,26,13,6,20,14,10,57,0,2,1,12,18,2,1,15,0,0,0,0,0,30,4.2,38,56,8,7,7,1,0,1.2,37,2,0,0,0,0,0,2,0,0,56,4,Audiobooks,Web,Web,4,40,50,10,6,2,0,Casual User,Low,0
C1084,Vikram Reddy,38,Male,Goa,India,2023-12-07,34,Free,Active,2026-01-27,2026-02-26,0,None,No,9,9,35,21,12.3,313.7,159,140,19,Acoustic Folk,Kavita Sundaram,1,11,57,5,9,24,7,7,42,10,12,17,0,0,0,4,7,2,0,6,0,0,0,0,0,26,4.3,44,57,-4,-4,-3,0,0,0,0,0,0,0,0,0,0,2,0,0,93,4,Playlists,Tablet,Tablet,4,30,10,60,0,0,0,Casual User,Low,0
C1085,Manish Malhotra,24,Male,Chandigarh,India,2024-01-06,33,Free,Active,2026-07-03,2026-08-02,0,None,No,9,9,17,35,9.9,245,147,116,31,Cyberpunk Bass,Solaris Project,2,13,107,9,6,14,8,6,14,10,6,20,0,1,1,5,6,2,1,8,0,0,0,0,0,25,4.5,29,55,2,2,2,0,0,0,0,0,0,0,0,0,0,0,0,0,0,5,Search,Tablet,Tablet,4,30,10,60,8,0,0,Casual User,Low,0
C1086,Rahul Sengupta,52,Male,Hyderabad,India,2024-06-04,28,Student,Active,2025-12-05,2026-01-04,59,UPI,Yes,14,14,13,29,6.3,132.3,146,116,30,Pop Melodic,Aetheria,1,6,104,8,11,30,10,15,16,24,5,8,0,0,0,7,5,4,0,11,0,0,0,0,0,29,4.3,41,65,4,4,4,0,0,0,0,1,0,0,0,0,0,2,0,0,86,4,Podcasts,Desktop,Desktop,4,25,65,10,0,0,0,Casual User,Low,1
C1087,Sameer Sengupta,40,Male,Kolkata,India,2026-01-25,8,Free,Active,2026-02-01,2026-03-03,0,None,No,9,9,34,44,24.9,149.4,243,203,40,Lo-Fi Chill,Solaris Project,3,13,51,4,5,16,5,4,35,13,12,24,0,2,1,5,8,2,1,8,0,0,0,0,0,37,3.9,40,28,20,23,19,1,0,2.2,67,1,0,0,0,0,0,2,0,0,23,4,Recommendations,Desktop,Desktop,2,25,65,10,4,2,0,Casual User,Low,0
C1088,Rohan Chatterjee,40,Male,Jaipur,India,2025-09-27,12,Free,Active,2025-12-27,2026-01-26,0,None,No,7,7,25,39,16.3,146.7,86,53,33,Cyberpunk Bass,Neon Mirage,4,1,93,7,9,16,8,4,13,12,9,40,1,2,2,3,2,2,2,7,0,0,0,0,0,23,4.4,32,28,8,8,6,0,0,0,0,0,0,0,0,0,0,2,0,0,146,4,Podcasts,Mobile,Mobile,4,70,20,10,3,0,0,Casual User,Low,0
C1089,Manish Patel,37,Male,Chandigarh,India,2024-06-04,28,Student,Active,2026-02-25,2026-03-27,59,UPI,Yes,17,17,19,44,13.9,291.9,95,59,36,Pop Melodic,Kavita Sundaram,3,2,58,5,14,27,14,11,11,17,7,66,0,2,1,14,22,3,1,18,0,0,0,0,0,38,4.2,47,68,-10,-11,-8,0,0,0,0,1,0,0,0,0,0,0,0,0,0,4,Social,Mobile,Mobile,3,70,20,10,6,0,0,New User,Low,0
C1090,Reyansh Mehta,45,Male,Delhi NCR,India,2026-01-25,8,Student,Trial,2026-02-03,2026-03-05,59,UPI,Yes,12,10,15,33,8.3,49.8,189,154,35,Chillstep,The Midnight Walkers,4,8,26,2,8,14,7,4,21,9,5,60,1,2,2,4,7,1,2,7,0,0,0,0,0,28,4.5,29,40,6,5,5,0,0,0,0,1,0,0,0,0,0,2,0,0,27,5,Podcasts,Desktop,Desktop,1,25,65,10,2,0,0,New User,Low,0
C1091,Pranav Kulkarni,41,Male,Mumbai,India,2024-07-04,27,Student,Trial,2026-03-12,2026-04-11,59,UPI,Yes,18,17,22,24,8.8,178.2,107,71,36,Synthwave,Neon Mirage,5,11,87,7,7,22,7,6,22,17,8,50,1,3,2,3,4,3,2,8,0,0,0,0,0,31,4.5,47,65,-12,-13,-9,0,0,0,0,0,0,0,0,0,0,0,0,0,0,5,Playlists,Mobile,Mobile,4,70,20,10,5,0,0,New User,Low,0
C1092,Deepika Sharma,26,Female,Kochi,India,2026-05-25,4,Student,Trial,2026-03-13,2026-04-12,59,UPI,Yes,18,18,31,37,19.1,57.3,183,147,36,Deep House,Prism Horizon,5,14,77,6,12,35,21,7,33,16,11,70,1,3,2,4,5,3,2,9,0,0,0,0,0,41,4.3,60,39,15,18,11,0,0,0,0,1,0,0,0,0,0,0,0,0,0,4,Recommendations,Desktop,Desktop,2,25,65,10,5,1,0,New User,Low,0
C1093,Rahul Reddy,46,Male,Kolkata,India,2024-10-02,24,Free,Trial,2026-09-02,2026-10-02,0,None,No,14,14,20,41,13.7,246.6,169,153,16,Lo-Fi Chill,Prism Horizon,3,14,85,7,12,17,9,8,23,13,7,45,0,2,1,18,25,2,1,21,0,0,0,0,0,39,3.9,39,49,14,16,12,1,0,1.5,14,2,0,0,0,0,0,1,0,0,42,4,Social,Tablet,Tablet,4,30,10,60,2,0,0,New User,Low,0
C1094,Arun Venkatesh,29,Male,Bengaluru,India,2025-08-28,13,Student,Active,2026-09-13,2026-10-13,59,Debit Card,Yes,3,6,9,18,2.7,26.3,31,3,28,Deep House,RetroWave Orchestra,0,3,25,2,2,10,5,4,5,6,3,0,0,0,0,2,1,1,0,3,0,0,0,0,0,7,1.2,18,39,-42,-45,-41,5,1,2.4,82,5,7,4,1,1,5,1,0,1,32,1,Recommendations,Desktop,Desktop,4,25,65,10,16,3,1,At Risk,High,1
C1095,Ishita Bhatia,38,Female,Goa,India,2024-02-05,32,Student,Active,2026-01-21,2026-02-20,59,Wallet,Yes,8,4,9,23,3.5,84,43,8,35,Synthwave,Solaris Project,0,12,9,1,2,5,2,2,5,4,3,0,0,0,0,0,0,0,0,0,0,0,0,0,0,12,1.2,13,64,-54,-53,-39,5,2,2.8,58,5,12,4,1,1,5,3,0,0,114,1,Recommendations,Mobile,Mobile,3,70,20,10,14,0,1,At Risk,High,1
C1096,Ayesha Chopra,18,Female,Kolkata,India,2024-10-02,24,Student,Cancelled,2026-02-06,2026-03-08,59,Wallet,No,3,6,8,21,2.8,50.4,38,21,17,Pop Melodic,RetroWave Orchestra,0,8,8,1,1,7,2,2,11,5,3,0,0,0,0,0,0,1,0,1,0,0,0,0,0,7,1.2,16,52,-32,-30,-35,5,2,2.8,79,6,8,4,1,1,5,1,0,1,110,1,Audiobooks,Mobile,Mobile,3,70,20,10,21,0,1,At Risk,High,1
C1097,Shreya Mehta,37,Female,Ahmedabad,India,2026-05-25,4,Premium,Active,2026-02-27,2026-03-29,119,Debit Card,Yes,5,7,5,24,2,6,40,9,31,Ambient Space,Solaris Project,0,9,29,2,1,2,1,1,3,1,2,0,0,0,0,1,0,0,0,1,0,0,0,0,0,8,1.3,13,28,-26,-25,-19,4,1,5.8,28,4,7,2,2,0,3,3,0,1,85,1,Playlists,Tablet,Tablet,4,30,10,60,23,0,0,At Risk,High,1
C1098,Meera Singhania,46,Female,Hyderabad,India,2024-01-06,33,Free,Cancelled,2025-12-27,2026-01-26,0,Credit Card,No,4,2,5,14,1.2,29.7,57,25,32,Pop Melodic,Lunar Echoes,1,10,12,1,5,1,0,0,4,1,2,11,0,0,0,5,10,0,0,5,0,0,0,0,0,9,1.5,8,49,-61,-63,-67,3,3,1.7,45,4,0,0,0,0,0,3,0,0,127,2,Audiobooks,Web,Web,4,40,50,10,30,0,0,Churned User,High,1
C1099,Pooja Chopra,20,Female,Chennai,India,2023-11-07,35,Student,Cancelled,2025-12-09,2026-01-08,0,Wallet,No,3,1,6,19,1.9,49.9,61,39,22,Ambient Space,RetroWave Orchestra,0,5,29,2,5,10,3,3,4,5,2,0,0,0,0,5,8,1,0,6,0,0,0,0,0,10,1.2,10,67,-54,-47,-42,5,1,3.6,11,5,12,4,3,1,5,2,0,1,91,1,Music Streaming,Mobile,Mobile,3,70,20,10,53,0,1,Churned User,High,1
C1100,Aditya Venkatesh,46,Male,Ahmedabad,India,2024-08-03,26,Student,Cancelled,2026-04-17,2026-05-17,0,Wallet,No,2,2,9,10,1.5,29.3,35,9,26,Chillstep,Velvet Dusk,1,7,13,1,3,8,5,4,5,3,3,18,0,0,0,2,3,0,0,2,0,0,0,0,0,5,2,12,54,-56,-50,-55,3,1,5.4,61,3,14,1,1,1,2,2,0,1,43,2,Search,Mobile,Mobile,1,70,20,10,53,0,0,Churned User,High,1